machine_id,timestamp,zone,usage_level
MACHINE_1,2024-04-20 16:07:00,Zone_D,0.39
MACHINE_1,2024-04-20 10:22:00,Zone_D,0.25
MACHINE_1,2024-04-20 13:07:00,Zone_D,0.71
MACHINE_1,2024-04-20 18:05:00,Zone_D,0.91
MACHINE_2,2024-04-20 15:37:00,Zone_D,0.96
MACHINE_2,2024-04-20 23:20:00,Zone_D,0.35
MACHINE_2,2024-04-20 11:20:00,Zone_D,0.61
MACHINE_2,2024-04-20 12:24:00,Zone_D,0.31
MACHINE_3,2024-04-20 20:20:00,Zone_B,0.58
MACHINE_3,2024-04-20 10:53:00,Zone_B,0.71
MACHINE_3,2024-04-20 20:38:00,Zone_B,0.75
MACHINE_4,2024-04-20 11:53:00,Zone_C,0.41
MACHINE_4,2024-04-20 16:01:00,Zone_C,0.21
MACHINE_4,2024-04-20 16:19:00,Zone_C,0.67
MACHINE_4,2024-04-20 13:57:00,Zone_C,0.92
MACHINE_5,2024-04-20 20:57:00,Zone_B,0.26
MACHINE_5,2024-04-20 21:47:00,Zone_B,0.88
MACHINE_5,2024-04-20 11:02:00,Zone_B,0.81
MACHINE_6,2024-04-20 22:32:00,Zone_D,0.83
MACHINE_6,2024-04-20 15:13:00,Zone_D,0.21
MACHINE_6,2024-04-20 11:09:00,Zone_D,0.68
MACHINE_6,2024-04-20 22:33:00,Zone_D,0.9
MACHINE_7,2024-04-20 23:32:00,Zone_A,0.89
MACHINE_7,2024-04-20 23:59:00,Zone_A,0.79
MACHINE_7,2024-04-20 16:44:00,Zone_A,0.56
MACHINE_7,2024-04-20 16:03:00,Zone_A,0.57
MACHINE_8,2024-04-20 17:30:00,Zone_C,0.42
MACHINE_8,2024-04-20 21:39:00,Zone_C,0.51
MACHINE_8,2024-04-20 15:48:00,Zone_C,0.62
MACHINE_8,2024-04-20 23:05:00,Zone_C,0.77
MACHINE_9,2024-04-20 16:51:00,Zone_A,0.64
MACHINE_9,2024-04-20 11:00:00,Zone_A,0.98
MACHINE_9,2024-04-20 18:38:00,Zone_A,0.86
MACHINE_9,2024-04-20 14:24:00,Zone_A,0.8
MACHINE_10,2024-04-20 15:30:00,Zone_A,0.28
MACHINE_10,2024-04-20 22:47:00,Zone_A,0.66
MACHINE_10,2024-04-20 13:23:00,Zone_A,0.75
MACHINE_10,2024-04-20 17:51:00,Zone_A,0.31
MACHINE_1,2024-04-21 10:20:00,Zone_B,0.61
MACHINE_1,2024-04-21 21:58:00,Zone_B,0.54
MACHINE_1,2024-04-21 19:16:00,Zone_B,0.8
MACHINE_1,2024-04-21 21:14:00,Zone_B,0.51
MACHINE_2,2024-04-21 20:03:00,Zone_B,0.78
MACHINE_2,2024-04-21 12:14:00,Zone_B,0.92
MACHINE_2,2024-04-21 11:24:00,Zone_B,0.41
MACHINE_3,2024-04-21 10:50:00,Zone_C,0.41
MACHINE_3,2024-04-21 22:57:00,Zone_C,0.43
MACHINE_3,2024-04-21 15:14:00,Zone_C,0.22
MACHINE_3,2024-04-21 13:53:00,Zone_C,0.67
MACHINE_3,2024-04-21 16:39:00,Zone_C,0.98
MACHINE_4,2024-04-21 12:55:00,Zone_B,0.6
MACHINE_4,2024-04-21 20:56:00,Zone_B,0.41
MACHINE_4,2024-04-21 18:52:00,Zone_B,0.94
MACHINE_4,2024-04-21 15:38:00,Zone_B,0.3
MACHINE_4,2024-04-21 11:31:00,Zone_B,0.32
MACHINE_5,2024-04-21 23:21:00,Zone_A,0.32
MACHINE_5,2024-04-21 10:25:00,Zone_A,0.93
MACHINE_5,2024-04-21 16:48:00,Zone_A,0.97
MACHINE_5,2024-04-21 19:25:00,Zone_A,0.63
MACHINE_5,2024-04-21 19:59:00,Zone_A,0.61
MACHINE_6,2024-04-21 13:06:00,Zone_B,0.67
MACHINE_6,2024-04-21 23:55:00,Zone_B,0.27
MACHINE_6,2024-04-21 23:06:00,Zone_B,0.95
MACHINE_7,2024-04-21 13:39:00,Zone_D,0.78
MACHINE_7,2024-04-21 23:51:00,Zone_D,0.77
MACHINE_7,2024-04-21 22:31:00,Zone_D,0.24
MACHINE_8,2024-04-21 16:35:00,Zone_C,0.65
MACHINE_8,2024-04-21 12:36:00,Zone_C,0.21
MACHINE_8,2024-04-21 13:37:00,Zone_C,0.36
MACHINE_9,2024-04-21 19:24:00,Zone_D,0.54
MACHINE_9,2024-04-21 13:02:00,Zone_D,0.79
MACHINE_9,2024-04-21 11:49:00,Zone_D,0.76
MACHINE_10,2024-04-21 19:29:00,Zone_B,0.87
MACHINE_10,2024-04-21 13:20:00,Zone_B,0.33
MACHINE_10,2024-04-21 22:22:00,Zone_B,0.87
MACHINE_10,2024-04-21 11:24:00,Zone_B,0.39
MACHINE_1,2024-04-22 19:29:00,Zone_A,0.48
MACHINE_1,2024-04-22 12:55:00,Zone_A,0.93
MACHINE_1,2024-04-22 22:25:00,Zone_A,0.85
MACHINE_1,2024-04-22 22:11:00,Zone_A,0.35
MACHINE_1,2024-04-22 10:02:00,Zone_A,0.32
MACHINE_2,2024-04-22 13:37:00,Zone_C,0.47
MACHINE_2,2024-04-22 12:41:00,Zone_C,0.41
MACHINE_2,2024-04-22 12:34:00,Zone_C,0.41
MACHINE_2,2024-04-22 16:30:00,Zone_C,0.6
MACHINE_2,2024-04-22 11:39:00,Zone_C,0.69
MACHINE_3,2024-04-22 12:52:00,Zone_B,0.23
MACHINE_3,2024-04-22 10:05:00,Zone_B,0.67
MACHINE_3,2024-04-22 10:06:00,Zone_B,0.67
MACHINE_3,2024-04-22 10:34:00,Zone_B,0.78
MACHINE_3,2024-04-22 23:07:00,Zone_B,0.64
MACHINE_4,2024-04-22 22:38:00,Zone_B,0.56
MACHINE_4,2024-04-22 23:14:00,Zone_B,0.49
MACHINE_4,2024-04-22 12:42:00,Zone_B,0.42
MACHINE_4,2024-04-22 15:42:00,Zone_B,0.83
MACHINE_4,2024-04-22 21:31:00,Zone_B,0.31
MACHINE_5,2024-04-22 20:17:00,Zone_C,0.89
MACHINE_5,2024-04-22 14:47:00,Zone_C,0.99
MACHINE_5,2024-04-22 19:27:00,Zone_C,0.58
MACHINE_5,2024-04-22 16:20:00,Zone_C,0.36
MACHINE_6,2024-04-22 10:03:00,Zone_D,0.72
MACHINE_6,2024-04-22 20:42:00,Zone_D,0.58
MACHINE_6,2024-04-22 17:36:00,Zone_D,0.71
MACHINE_7,2024-04-22 13:42:00,Zone_B,0.23
MACHINE_7,2024-04-22 23:07:00,Zone_B,0.38
MACHINE_7,2024-04-22 20:48:00,Zone_B,0.82
MACHINE_7,2024-04-22 19:55:00,Zone_B,0.95
MACHINE_8,2024-04-22 10:39:00,Zone_B,0.49
MACHINE_8,2024-04-22 23:30:00,Zone_B,0.44
MACHINE_8,2024-04-22 18:02:00,Zone_B,0.61
MACHINE_9,2024-04-22 10:59:00,Zone_C,0.53
MACHINE_9,2024-04-22 10:03:00,Zone_C,0.82
MACHINE_9,2024-04-22 13:21:00,Zone_C,0.64
MACHINE_9,2024-04-22 18:13:00,Zone_C,0.66
MACHINE_9,2024-04-22 16:33:00,Zone_C,0.28
MACHINE_10,2024-04-22 11:46:00,Zone_C,0.79
MACHINE_10,2024-04-22 21:27:00,Zone_C,0.21
MACHINE_10,2024-04-22 12:30:00,Zone_C,0.72
MACHINE_10,2024-04-22 14:38:00,Zone_C,0.62
MACHINE_10,2024-04-22 17:40:00,Zone_C,0.6
MACHINE_1,2024-04-23 18:09:00,Zone_D,0.34
MACHINE_1,2024-04-23 15:42:00,Zone_D,0.43
MACHINE_1,2024-04-23 22:29:00,Zone_D,0.27
MACHINE_1,2024-04-23 23:26:00,Zone_D,0.64
MACHINE_2,2024-04-23 14:51:00,Zone_B,0.35
MACHINE_2,2024-04-23 23:13:00,Zone_B,0.61
MACHINE_2,2024-04-23 18:25:00,Zone_B,0.5
MACHINE_2,2024-04-23 11:45:00,Zone_B,0.41
MACHINE_3,2024-04-23 21:27:00,Zone_C,0.39
MACHINE_3,2024-04-23 16:07:00,Zone_C,0.93
MACHINE_3,2024-04-23 19:54:00,Zone_C,0.22
MACHINE_3,2024-04-23 12:23:00,Zone_C,0.53
MACHINE_4,2024-04-23 22:43:00,Zone_A,0.23
MACHINE_4,2024-04-23 15:54:00,Zone_A,0.75
MACHINE_4,2024-04-23 21:37:00,Zone_A,0.79
MACHINE_5,2024-04-23 10:48:00,Zone_A,0.42
MACHINE_5,2024-04-23 13:06:00,Zone_A,0.21
MACHINE_5,2024-04-23 13:39:00,Zone_A,0.95
MACHINE_5,2024-04-23 12:26:00,Zone_A,0.23
MACHINE_6,2024-04-23 11:39:00,Zone_D,0.99
MACHINE_6,2024-04-23 15:23:00,Zone_D,0.58
MACHINE_6,2024-04-23 13:50:00,Zone_D,0.7
MACHINE_7,2024-04-23 18:41:00,Zone_B,0.7
MACHINE_7,2024-04-23 22:24:00,Zone_B,1.0
MACHINE_7,2024-04-23 19:42:00,Zone_B,0.9
MACHINE_8,2024-04-23 15:28:00,Zone_C,0.66
MACHINE_8,2024-04-23 14:12:00,Zone_C,0.65
MACHINE_8,2024-04-23 15:36:00,Zone_C,0.79
MACHINE_8,2024-04-23 23:39:00,Zone_C,0.47
MACHINE_9,2024-04-23 22:55:00,Zone_D,0.69
MACHINE_9,2024-04-23 23:28:00,Zone_D,0.48
MACHINE_9,2024-04-23 20:45:00,Zone_D,0.53
MACHINE_9,2024-04-23 10:04:00,Zone_D,0.32
MACHINE_10,2024-04-23 13:36:00,Zone_B,0.8
MACHINE_10,2024-04-23 13:37:00,Zone_B,0.3
MACHINE_10,2024-04-23 17:05:00,Zone_B,0.29
MACHINE_10,2024-04-23 17:56:00,Zone_B,0.4
MACHINE_1,2024-04-24 21:12:00,Zone_A,0.92
MACHINE_1,2024-04-24 19:48:00,Zone_A,0.58
MACHINE_1,2024-04-24 19:32:00,Zone_A,0.4
MACHINE_2,2024-04-24 23:37:00,Zone_A,1.0
MACHINE_2,2024-04-24 11:50:00,Zone_A,0.35
MACHINE_2,2024-04-24 18:57:00,Zone_A,0.75
MACHINE_2,2024-04-24 16:50:00,Zone_A,0.87
MACHINE_3,2024-04-24 19:50:00,Zone_A,0.98
MACHINE_3,2024-04-24 17:57:00,Zone_A,0.7
MACHINE_3,2024-04-24 21:46:00,Zone_A,0.46
MACHINE_4,2024-04-24 17:21:00,Zone_D,0.7
MACHINE_4,2024-04-24 17:51:00,Zone_D,0.44
MACHINE_4,2024-04-24 21:59:00,Zone_D,0.86
MACHINE_4,2024-04-24 13:54:00,Zone_D,0.79
MACHINE_5,2024-04-24 23:55:00,Zone_A,0.53
MACHINE_5,2024-04-24 21:31:00,Zone_A,0.96
MACHINE_5,2024-04-24 18:34:00,Zone_A,0.23
MACHINE_5,2024-04-24 17:39:00,Zone_A,0.87
MACHINE_5,2024-04-24 19:42:00,Zone_A,0.27
MACHINE_6,2024-04-24 19:56:00,Zone_B,0.64
MACHINE_6,2024-04-24 22:28:00,Zone_B,0.84
MACHINE_6,2024-04-24 23:03:00,Zone_B,0.54
MACHINE_6,2024-04-24 14:21:00,Zone_B,0.57
MACHINE_7,2024-04-24 19:06:00,Zone_A,0.65
MACHINE_7,2024-04-24 22:16:00,Zone_A,0.96
MACHINE_7,2024-04-24 16:39:00,Zone_A,0.87
MACHINE_7,2024-04-24 13:19:00,Zone_A,0.45
MACHINE_8,2024-04-24 23:10:00,Zone_A,0.57
MACHINE_8,2024-04-24 14:05:00,Zone_A,0.99
MACHINE_8,2024-04-24 22:23:00,Zone_A,0.4
MACHINE_8,2024-04-24 13:42:00,Zone_A,0.92
MACHINE_9,2024-04-24 14:39:00,Zone_A,0.3
MACHINE_9,2024-04-24 12:14:00,Zone_A,0.42
MACHINE_9,2024-04-24 11:16:00,Zone_A,0.85
MACHINE_10,2024-04-24 13:32:00,Zone_B,0.92
MACHINE_10,2024-04-24 21:48:00,Zone_B,0.26
MACHINE_10,2024-04-24 11:56:00,Zone_B,0.77
MACHINE_1,2024-04-25 12:23:00,Zone_A,0.64
MACHINE_1,2024-04-25 12:59:00,Zone_A,0.24
MACHINE_1,2024-04-25 23:27:00,Zone_A,0.99
MACHINE_1,2024-04-25 19:42:00,Zone_A,0.62
MACHINE_1,2024-04-25 18:06:00,Zone_A,0.68
MACHINE_2,2024-04-25 11:57:00,Zone_C,0.62
MACHINE_2,2024-04-25 11:40:00,Zone_C,0.91
MACHINE_2,2024-04-25 16:29:00,Zone_C,0.44
MACHINE_2,2024-04-25 13:35:00,Zone_C,0.68
MACHINE_2,2024-04-25 14:52:00,Zone_C,0.58
MACHINE_3,2024-04-25 14:11:00,Zone_B,0.29
MACHINE_3,2024-04-25 23:56:00,Zone_B,0.85
MACHINE_3,2024-04-25 16:54:00,Zone_B,0.5
MACHINE_3,2024-04-25 15:07:00,Zone_B,0.99
MACHINE_3,2024-04-25 20:51:00,Zone_B,0.23
MACHINE_4,2024-04-25 13:18:00,Zone_D,0.44
MACHINE_4,2024-04-25 16:49:00,Zone_D,0.61
MACHINE_4,2024-04-25 21:08:00,Zone_D,0.78
MACHINE_4,2024-04-25 16:19:00,Zone_D,0.37
MACHINE_5,2024-04-25 16:16:00,Zone_D,0.97
MACHINE_5,2024-04-25 15:12:00,Zone_D,0.27
MACHINE_5,2024-04-25 16:23:00,Zone_D,0.39
MACHINE_6,2024-04-25 18:50:00,Zone_D,0.79
MACHINE_6,2024-04-25 19:43:00,Zone_D,0.53
MACHINE_6,2024-04-25 16:12:00,Zone_D,0.48
MACHINE_6,2024-04-25 23:25:00,Zone_D,0.25
MACHINE_6,2024-04-25 22:55:00,Zone_D,0.49
MACHINE_7,2024-04-25 10:28:00,Zone_C,0.86
MACHINE_7,2024-04-25 15:04:00,Zone_C,0.39
MACHINE_7,2024-04-25 21:38:00,Zone_C,0.48
MACHINE_7,2024-04-25 10:59:00,Zone_C,0.75
MACHINE_8,2024-04-25 15:20:00,Zone_D,0.32
MACHINE_8,2024-04-25 16:51:00,Zone_D,0.52
MACHINE_8,2024-04-25 16:35:00,Zone_D,0.69
MACHINE_8,2024-04-25 23:48:00,Zone_D,0.75
MACHINE_9,2024-04-25 17:24:00,Zone_D,0.51
MACHINE_9,2024-04-25 19:33:00,Zone_D,0.82
MACHINE_9,2024-04-25 13:50:00,Zone_D,0.91
MACHINE_10,2024-04-25 18:31:00,Zone_C,0.75
MACHINE_10,2024-04-25 12:09:00,Zone_C,0.61
MACHINE_10,2024-04-25 17:34:00,Zone_C,0.88
MACHINE_1,2024-04-26 22:58:00,Zone_B,0.28
MACHINE_1,2024-04-26 23:10:00,Zone_B,0.48
MACHINE_1,2024-04-26 20:22:00,Zone_B,0.67
MACHINE_1,2024-04-26 19:56:00,Zone_B,0.56
MACHINE_1,2024-04-26 16:04:00,Zone_B,0.81
MACHINE_2,2024-04-26 23:11:00,Zone_B,0.61
MACHINE_2,2024-04-26 19:08:00,Zone_B,0.85
MACHINE_2,2024-04-26 16:19:00,Zone_B,0.38
MACHINE_2,2024-04-26 13:00:00,Zone_B,0.57
MACHINE_3,2024-04-26 15:19:00,Zone_B,0.46
MACHINE_3,2024-04-26 23:40:00,Zone_B,0.35
MACHINE_3,2024-04-26 23:03:00,Zone_B,0.81
MACHINE_3,2024-04-26 23:08:00,Zone_B,0.55
MACHINE_4,2024-04-26 16:52:00,Zone_C,0.89
MACHINE_4,2024-04-26 11:22:00,Zone_C,0.41
MACHINE_4,2024-04-26 21:24:00,Zone_C,0.99
MACHINE_5,2024-04-26 12:08:00,Zone_D,0.5
MACHINE_5,2024-04-26 23:22:00,Zone_D,0.72
MACHINE_5,2024-04-26 13:58:00,Zone_D,0.95
MACHINE_5,2024-04-26 22:05:00,Zone_D,0.6
MACHINE_6,2024-04-26 20:06:00,Zone_D,0.39
MACHINE_6,2024-04-26 18:39:00,Zone_D,0.5
MACHINE_6,2024-04-26 23:39:00,Zone_D,0.25
MACHINE_6,2024-04-26 20:13:00,Zone_D,0.48
MACHINE_7,2024-04-26 13:00:00,Zone_C,0.24
MACHINE_7,2024-04-26 23:15:00,Zone_C,0.53
MACHINE_7,2024-04-26 20:13:00,Zone_C,0.21
MACHINE_8,2024-04-26 11:09:00,Zone_C,0.75
MACHINE_8,2024-04-26 19:53:00,Zone_C,0.47
MACHINE_8,2024-04-26 22:19:00,Zone_C,0.79
MACHINE_8,2024-04-26 10:38:00,Zone_C,0.98
MACHINE_8,2024-04-26 19:03:00,Zone_C,0.84
MACHINE_9,2024-04-26 22:12:00,Zone_C,0.77
MACHINE_9,2024-04-26 21:47:00,Zone_C,0.42
MACHINE_9,2024-04-26 18:51:00,Zone_C,0.56
MACHINE_9,2024-04-26 14:25:00,Zone_C,0.47
MACHINE_10,2024-04-26 17:03:00,Zone_A,0.8
MACHINE_10,2024-04-26 15:53:00,Zone_A,0.49
MACHINE_10,2024-04-26 19:31:00,Zone_A,0.48
MACHINE_10,2024-04-26 14:33:00,Zone_A,0.76
MACHINE_10,2024-04-26 22:04:00,Zone_A,0.31
MACHINE_1,2024-04-27 19:45:00,Zone_C,0.41
MACHINE_1,2024-04-27 18:26:00,Zone_C,0.59
MACHINE_1,2024-04-27 12:50:00,Zone_C,0.2
MACHINE_1,2024-04-27 13:36:00,Zone_C,0.96
MACHINE_2,2024-04-27 16:12:00,Zone_B,0.6
MACHINE_2,2024-04-27 22:49:00,Zone_B,0.53
MACHINE_2,2024-04-27 17:21:00,Zone_B,0.2
MACHINE_2,2024-04-27 13:47:00,Zone_B,0.48
MACHINE_3,2024-04-27 16:57:00,Zone_B,0.23
MACHINE_3,2024-04-27 20:17:00,Zone_B,0.5
MACHINE_3,2024-04-27 19:31:00,Zone_B,0.95
MACHINE_4,2024-04-27 20:37:00,Zone_D,0.24
MACHINE_4,2024-04-27 20:42:00,Zone_D,0.23
MACHINE_4,2024-04-27 20:01:00,Zone_D,0.95
MACHINE_5,2024-04-27 20:32:00,Zone_D,0.57
MACHINE_5,2024-04-27 11:21:00,Zone_D,0.99
MACHINE_5,2024-04-27 12:31:00,Zone_D,0.37
MACHINE_5,2024-04-27 12:30:00,Zone_D,0.89
MACHINE_5,2024-04-27 14:22:00,Zone_D,0.86
MACHINE_6,2024-04-27 19:39:00,Zone_A,0.61
MACHINE_6,2024-04-27 15:17:00,Zone_A,0.98
MACHINE_6,2024-04-27 16:50:00,Zone_A,0.59
MACHINE_7,2024-04-27 21:50:00,Zone_A,0.62
MACHINE_7,2024-04-27 13:05:00,Zone_A,0.25
MACHINE_7,2024-04-27 13:07:00,Zone_A,0.63
MACHINE_8,2024-04-27 23:57:00,Zone_B,0.53
MACHINE_8,2024-04-27 19:34:00,Zone_B,0.67
MACHINE_8,2024-04-27 11:06:00,Zone_B,0.93
MACHINE_8,2024-04-27 22:36:00,Zone_B,0.71
MACHINE_9,2024-04-27 11:34:00,Zone_A,0.21
MACHINE_9,2024-04-27 13:34:00,Zone_A,0.53
MACHINE_9,2024-04-27 11:14:00,Zone_A,0.76
MACHINE_9,2024-04-27 11:50:00,Zone_A,0.82
MACHINE_9,2024-04-27 23:55:00,Zone_A,0.86
MACHINE_10,2024-04-27 10:52:00,Zone_C,0.95
MACHINE_10,2024-04-27 14:15:00,Zone_C,0.58
MACHINE_10,2024-04-27 10:59:00,Zone_C,0.84
MACHINE_1,2024-04-28 23:47:00,Zone_C,0.41
MACHINE_1,2024-04-28 16:42:00,Zone_C,0.33
MACHINE_1,2024-04-28 17:02:00,Zone_C,0.39
MACHINE_2,2024-04-28 11:37:00,Zone_B,0.59
MACHINE_2,2024-04-28 19:41:00,Zone_B,0.28
MACHINE_2,2024-04-28 15:48:00,Zone_B,0.98
MACHINE_2,2024-04-28 19:42:00,Zone_B,0.67
MACHINE_2,2024-04-28 16:49:00,Zone_B,0.34
MACHINE_3,2024-04-28 18:51:00,Zone_D,0.61
MACHINE_3,2024-04-28 17:37:00,Zone_D,0.87
MACHINE_3,2024-04-28 16:42:00,Zone_D,0.56
MACHINE_3,2024-04-28 22:34:00,Zone_D,0.47
MACHINE_4,2024-04-28 18:00:00,Zone_B,0.87
MACHINE_4,2024-04-28 14:11:00,Zone_B,0.47
MACHINE_4,2024-04-28 20:41:00,Zone_B,0.58
MACHINE_5,2024-04-28 21:44:00,Zone_B,0.38
MACHINE_5,2024-04-28 14:46:00,Zone_B,0.85
MACHINE_5,2024-04-28 12:49:00,Zone_B,0.68
MACHINE_5,2024-04-28 11:52:00,Zone_B,0.93
MACHINE_5,2024-04-28 20:41:00,Zone_B,0.4
MACHINE_6,2024-04-28 17:11:00,Zone_D,0.83
MACHINE_6,2024-04-28 16:20:00,Zone_D,0.21
MACHINE_6,2024-04-28 18:16:00,Zone_D,0.61
MACHINE_7,2024-04-28 20:10:00,Zone_A,0.44
MACHINE_7,2024-04-28 11:50:00,Zone_A,0.9
MACHINE_7,2024-04-28 19:13:00,Zone_A,0.96
MACHINE_8,2024-04-28 13:11:00,Zone_C,0.76
MACHINE_8,2024-04-28 10:21:00,Zone_C,0.98
MACHINE_8,2024-04-28 18:02:00,Zone_C,0.89
MACHINE_9,2024-04-28 11:54:00,Zone_A,0.86
MACHINE_9,2024-04-28 22:08:00,Zone_A,0.69
MACHINE_9,2024-04-28 14:09:00,Zone_A,0.6
MACHINE_9,2024-04-28 12:01:00,Zone_A,0.75
MACHINE_9,2024-04-28 18:00:00,Zone_A,0.71
MACHINE_10,2024-04-28 17:53:00,Zone_A,0.55
MACHINE_10,2024-04-28 15:32:00,Zone_A,0.96
MACHINE_10,2024-04-28 14:00:00,Zone_A,0.3
MACHINE_1,2024-04-29 12:36:00,Zone_A,0.67
MACHINE_1,2024-04-29 21:06:00,Zone_A,0.91
MACHINE_1,2024-04-29 23:49:00,Zone_A,0.41
MACHINE_1,2024-04-29 16:41:00,Zone_A,0.66
MACHINE_1,2024-04-29 19:59:00,Zone_A,0.7
MACHINE_2,2024-04-29 19:48:00,Zone_A,0.43
MACHINE_2,2024-04-29 11:40:00,Zone_A,0.66
MACHINE_2,2024-04-29 18:07:00,Zone_A,0.79
MACHINE_2,2024-04-29 13:25:00,Zone_A,0.59
MACHINE_3,2024-04-29 14:45:00,Zone_B,0.77
MACHINE_3,2024-04-29 22:37:00,Zone_B,1.0
MACHINE_3,2024-04-29 21:52:00,Zone_B,0.26
MACHINE_3,2024-04-29 20:37:00,Zone_B,0.33
MACHINE_3,2024-04-29 16:07:00,Zone_B,0.41
MACHINE_4,2024-04-29 21:20:00,Zone_D,0.76
MACHINE_4,2024-04-29 23:22:00,Zone_D,0.85
MACHINE_4,2024-04-29 15:16:00,Zone_D,0.64
MACHINE_4,2024-04-29 18:58:00,Zone_D,0.24
MACHINE_5,2024-04-29 12:28:00,Zone_D,0.97
MACHINE_5,2024-04-29 10:04:00,Zone_D,1.0
MACHINE_5,2024-04-29 12:01:00,Zone_D,0.73
MACHINE_5,2024-04-29 17:55:00,Zone_D,0.76
MACHINE_5,2024-04-29 15:58:00,Zone_D,0.61
MACHINE_6,2024-04-29 23:51:00,Zone_A,0.54
MACHINE_6,2024-04-29 15:08:00,Zone_A,0.26
MACHINE_6,2024-04-29 14:49:00,Zone_A,0.82
MACHINE_7,2024-04-29 18:27:00,Zone_C,0.96
MACHINE_7,2024-04-29 14:00:00,Zone_C,0.66
MACHINE_7,2024-04-29 18:00:00,Zone_C,0.42
MACHINE_7,2024-04-29 15:12:00,Zone_C,0.69
MACHINE_8,2024-04-29 11:23:00,Zone_A,0.36
MACHINE_8,2024-04-29 22:10:00,Zone_A,0.94
MACHINE_8,2024-04-29 22:14:00,Zone_A,0.51
MACHINE_9,2024-04-29 17:46:00,Zone_C,0.32
MACHINE_9,2024-04-29 10:34:00,Zone_C,0.99
MACHINE_9,2024-04-29 10:54:00,Zone_C,0.56
MACHINE_9,2024-04-29 20:02:00,Zone_C,0.91
MACHINE_10,2024-04-29 20:32:00,Zone_C,0.91
MACHINE_10,2024-04-29 12:17:00,Zone_C,0.32
MACHINE_10,2024-04-29 16:54:00,Zone_C,0.37
MACHINE_10,2024-04-29 13:35:00,Zone_C,0.42
MACHINE_1,2024-04-30 18:37:00,Zone_B,0.29
MACHINE_1,2024-04-30 18:12:00,Zone_B,0.76
MACHINE_1,2024-04-30 18:22:00,Zone_B,0.48
MACHINE_1,2024-04-30 16:47:00,Zone_B,0.49
MACHINE_1,2024-04-30 12:42:00,Zone_B,0.71
MACHINE_2,2024-04-30 13:05:00,Zone_D,0.82
MACHINE_2,2024-04-30 17:11:00,Zone_D,0.55
MACHINE_2,2024-04-30 13:35:00,Zone_D,0.55
MACHINE_3,2024-04-30 21:11:00,Zone_D,0.64
MACHINE_3,2024-04-30 11:53:00,Zone_D,0.57
MACHINE_3,2024-04-30 14:54:00,Zone_D,0.39
MACHINE_3,2024-04-30 11:40:00,Zone_D,0.96
MACHINE_3,2024-04-30 10:45:00,Zone_D,0.82
MACHINE_4,2024-04-30 21:13:00,Zone_D,0.91
MACHINE_4,2024-04-30 17:44:00,Zone_D,0.7
MACHINE_4,2024-04-30 23:12:00,Zone_D,0.3
MACHINE_4,2024-04-30 23:44:00,Zone_D,0.92
MACHINE_4,2024-04-30 13:59:00,Zone_D,0.67
MACHINE_5,2024-04-30 17:35:00,Zone_D,0.62
MACHINE_5,2024-04-30 13:42:00,Zone_D,0.95
MACHINE_5,2024-04-30 20:30:00,Zone_D,0.88
MACHINE_5,2024-04-30 18:49:00,Zone_D,0.67
MACHINE_6,2024-04-30 14:25:00,Zone_D,0.6
MACHINE_6,2024-04-30 14:45:00,Zone_D,0.87
MACHINE_6,2024-04-30 12:03:00,Zone_D,0.52
MACHINE_6,2024-04-30 18:00:00,Zone_D,0.75
MACHINE_7,2024-04-30 10:13:00,Zone_D,0.75
MACHINE_7,2024-04-30 18:04:00,Zone_D,0.82
MACHINE_7,2024-04-30 18:13:00,Zone_D,0.63
MACHINE_7,2024-04-30 18:04:00,Zone_D,0.21
MACHINE_7,2024-04-30 19:18:00,Zone_D,0.51
MACHINE_8,2024-04-30 17:18:00,Zone_C,0.68
MACHINE_8,2024-04-30 18:34:00,Zone_C,0.8
MACHINE_8,2024-04-30 13:20:00,Zone_C,0.84
MACHINE_8,2024-04-30 18:16:00,Zone_C,0.29
MACHINE_9,2024-04-30 12:31:00,Zone_B,0.22
MACHINE_9,2024-04-30 20:45:00,Zone_B,0.89
MACHINE_9,2024-04-30 10:14:00,Zone_B,0.5
MACHINE_9,2024-04-30 21:45:00,Zone_B,0.96
MACHINE_10,2024-04-30 18:13:00,Zone_B,0.34
MACHINE_10,2024-04-30 13:04:00,Zone_B,0.5
MACHINE_10,2024-04-30 20:51:00,Zone_B,0.41
MACHINE_10,2024-04-30 20:19:00,Zone_B,0.57
MACHINE_10,2024-04-30 18:52:00,Zone_B,0.9
MACHINE_1,2024-05-01 19:14:00,Zone_C,0.38
MACHINE_1,2024-05-01 19:40:00,Zone_C,0.37
MACHINE_1,2024-05-01 23:53:00,Zone_C,0.8
MACHINE_1,2024-05-01 23:33:00,Zone_C,0.41
MACHINE_2,2024-05-01 19:51:00,Zone_B,0.91
MACHINE_2,2024-05-01 21:26:00,Zone_B,0.4
MACHINE_2,2024-05-01 19:06:00,Zone_B,0.46
MACHINE_3,2024-05-01 17:10:00,Zone_D,0.54
MACHINE_3,2024-05-01 19:06:00,Zone_D,0.78
MACHINE_3,2024-05-01 13:55:00,Zone_D,0.73
MACHINE_4,2024-05-01 21:23:00,Zone_B,0.5
MACHINE_4,2024-05-01 23:34:00,Zone_B,0.67
MACHINE_4,2024-05-01 15:25:00,Zone_B,0.72
MACHINE_4,2024-05-01 11:06:00,Zone_B,0.25
MACHINE_4,2024-05-01 11:17:00,Zone_B,0.32
MACHINE_5,2024-05-01 19:38:00,Zone_A,0.4
MACHINE_5,2024-05-01 12:00:00,Zone_A,0.32
MACHINE_5,2024-05-01 15:18:00,Zone_A,1.0
MACHINE_5,2024-05-01 14:15:00,Zone_A,0.73
MACHINE_6,2024-05-01 22:26:00,Zone_B,0.66
MACHINE_6,2024-05-01 16:31:00,Zone_B,0.58
MACHINE_6,2024-05-01 16:27:00,Zone_B,0.79
MACHINE_6,2024-05-01 12:48:00,Zone_B,0.45
MACHINE_7,2024-05-01 18:15:00,Zone_C,0.64
MACHINE_7,2024-05-01 18:18:00,Zone_C,0.7
MACHINE_7,2024-05-01 13:55:00,Zone_C,0.24
MACHINE_7,2024-05-01 13:30:00,Zone_C,0.39
MACHINE_8,2024-05-01 11:43:00,Zone_B,0.97
MACHINE_8,2024-05-01 23:12:00,Zone_B,0.28
MACHINE_8,2024-05-01 13:02:00,Zone_B,0.21
MACHINE_8,2024-05-01 11:54:00,Zone_B,0.88
MACHINE_9,2024-05-01 12:08:00,Zone_A,0.53
MACHINE_9,2024-05-01 11:17:00,Zone_A,0.62
MACHINE_9,2024-05-01 22:08:00,Zone_A,0.47
MACHINE_9,2024-05-01 22:02:00,Zone_A,0.39
MACHINE_10,2024-05-01 13:31:00,Zone_A,0.57
MACHINE_10,2024-05-01 18:56:00,Zone_A,0.74
MACHINE_10,2024-05-01 18:57:00,Zone_A,0.68
MACHINE_10,2024-05-01 23:58:00,Zone_A,0.39
MACHINE_1,2024-05-02 21:50:00,Zone_A,1.0
MACHINE_1,2024-05-02 21:53:00,Zone_A,0.25
MACHINE_1,2024-05-02 15:12:00,Zone_A,0.83
MACHINE_1,2024-05-02 15:19:00,Zone_A,0.84
MACHINE_2,2024-05-02 20:58:00,Zone_D,0.33
MACHINE_2,2024-05-02 10:40:00,Zone_D,0.85
MACHINE_2,2024-05-02 17:28:00,Zone_D,0.56
MACHINE_3,2024-05-02 21:44:00,Zone_A,0.5
MACHINE_3,2024-05-02 21:35:00,Zone_A,0.76
MACHINE_3,2024-05-02 10:03:00,Zone_A,0.44
MACHINE_3,2024-05-02 20:18:00,Zone_A,0.6
MACHINE_4,2024-05-02 21:55:00,Zone_A,0.42
MACHINE_4,2024-05-02 23:42:00,Zone_A,0.36
MACHINE_4,2024-05-02 18:40:00,Zone_A,0.93
MACHINE_4,2024-05-02 12:20:00,Zone_A,0.6
MACHINE_4,2024-05-02 15:38:00,Zone_A,0.72
MACHINE_5,2024-05-02 14:38:00,Zone_D,0.74
MACHINE_5,2024-05-02 20:46:00,Zone_D,0.79
MACHINE_5,2024-05-02 20:58:00,Zone_D,0.24
MACHINE_6,2024-05-02 20:16:00,Zone_B,0.38
MACHINE_6,2024-05-02 13:22:00,Zone_B,0.44
MACHINE_6,2024-05-02 14:46:00,Zone_B,0.33
MACHINE_7,2024-05-02 15:35:00,Zone_C,0.9
MACHINE_7,2024-05-02 19:53:00,Zone_C,0.25
MACHINE_7,2024-05-02 15:00:00,Zone_C,0.88
MACHINE_7,2024-05-02 18:27:00,Zone_C,0.52
MACHINE_8,2024-05-02 20:12:00,Zone_A,0.86
MACHINE_8,2024-05-02 18:44:00,Zone_A,0.72
MACHINE_8,2024-05-02 14:22:00,Zone_A,0.61
MACHINE_9,2024-05-02 10:25:00,Zone_C,0.55
MACHINE_9,2024-05-02 16:06:00,Zone_C,0.77
MACHINE_9,2024-05-02 19:21:00,Zone_C,0.39
MACHINE_9,2024-05-02 22:16:00,Zone_C,0.5
MACHINE_10,2024-05-02 13:19:00,Zone_A,0.47
MACHINE_10,2024-05-02 22:26:00,Zone_A,0.69
MACHINE_10,2024-05-02 10:53:00,Zone_A,0.38
MACHINE_10,2024-05-02 14:31:00,Zone_A,0.66
MACHINE_10,2024-05-02 14:30:00,Zone_A,0.62
MACHINE_1,2024-05-03 19:09:00,Zone_A,0.93
MACHINE_1,2024-05-03 22:46:00,Zone_A,0.7
MACHINE_1,2024-05-03 13:41:00,Zone_A,0.2
MACHINE_1,2024-05-03 13:36:00,Zone_A,0.62
MACHINE_1,2024-05-03 21:20:00,Zone_A,1.0
MACHINE_2,2024-05-03 21:55:00,Zone_B,0.89
MACHINE_2,2024-05-03 20:17:00,Zone_B,0.82
MACHINE_2,2024-05-03 20:39:00,Zone_B,0.6
MACHINE_3,2024-05-03 22:29:00,Zone_A,0.99
MACHINE_3,2024-05-03 23:32:00,Zone_A,0.32
MACHINE_3,2024-05-03 23:54:00,Zone_A,0.72
MACHINE_4,2024-05-03 10:45:00,Zone_D,0.76
MACHINE_4,2024-05-03 20:28:00,Zone_D,0.72
MACHINE_4,2024-05-03 10:14:00,Zone_D,0.51
MACHINE_4,2024-05-03 11:04:00,Zone_D,0.61
MACHINE_5,2024-05-03 22:26:00,Zone_D,0.48
MACHINE_5,2024-05-03 10:07:00,Zone_D,0.57
MACHINE_5,2024-05-03 20:15:00,Zone_D,0.85
MACHINE_6,2024-05-03 18:13:00,Zone_C,0.51
MACHINE_6,2024-05-03 12:31:00,Zone_C,0.99
MACHINE_6,2024-05-03 15:15:00,Zone_C,0.61
MACHINE_6,2024-05-03 21:03:00,Zone_C,0.7
MACHINE_7,2024-05-03 14:38:00,Zone_D,1.0
MACHINE_7,2024-05-03 18:20:00,Zone_D,0.21
MACHINE_7,2024-05-03 14:45:00,Zone_D,0.23
MACHINE_7,2024-05-03 17:30:00,Zone_D,0.63
MACHINE_8,2024-05-03 13:03:00,Zone_A,0.57
MACHINE_8,2024-05-03 17:22:00,Zone_A,0.83
MACHINE_8,2024-05-03 22:19:00,Zone_A,0.4
MACHINE_8,2024-05-03 17:30:00,Zone_A,0.74
MACHINE_9,2024-05-03 18:41:00,Zone_C,0.36
MACHINE_9,2024-05-03 15:27:00,Zone_C,0.23
MACHINE_9,2024-05-03 19:22:00,Zone_C,0.27
MACHINE_10,2024-05-03 20:34:00,Zone_A,0.47
MACHINE_10,2024-05-03 12:09:00,Zone_A,0.54
MACHINE_10,2024-05-03 19:21:00,Zone_A,0.49
MACHINE_10,2024-05-03 14:16:00,Zone_A,0.96
MACHINE_1,2024-05-04 11:48:00,Zone_C,0.61
MACHINE_1,2024-05-04 23:16:00,Zone_C,0.35
MACHINE_1,2024-05-04 18:27:00,Zone_C,0.44
MACHINE_1,2024-05-04 11:03:00,Zone_C,0.63
MACHINE_2,2024-05-04 21:34:00,Zone_A,0.5
MACHINE_2,2024-05-04 19:02:00,Zone_A,0.94
MACHINE_2,2024-05-04 20:27:00,Zone_A,0.47
MACHINE_2,2024-05-04 21:15:00,Zone_A,0.8
MACHINE_2,2024-05-04 16:17:00,Zone_A,0.8
MACHINE_3,2024-05-04 15:08:00,Zone_D,0.34
MACHINE_3,2024-05-04 10:43:00,Zone_D,0.63
MACHINE_3,2024-05-04 13:42:00,Zone_D,0.65
MACHINE_3,2024-05-04 10:37:00,Zone_D,0.38
MACHINE_4,2024-05-04 15:19:00,Zone_C,0.31
MACHINE_4,2024-05-04 12:21:00,Zone_C,0.39
MACHINE_4,2024-05-04 15:12:00,Zone_C,0.73
MACHINE_4,2024-05-04 19:09:00,Zone_C,0.26
MACHINE_5,2024-05-04 19:32:00,Zone_A,0.3
MACHINE_5,2024-05-04 14:56:00,Zone_A,0.75
MACHINE_5,2024-05-04 23:43:00,Zone_A,0.76
MACHINE_5,2024-05-04 11:52:00,Zone_A,0.49
MACHINE_6,2024-05-04 22:41:00,Zone_C,0.49
MACHINE_6,2024-05-04 23:18:00,Zone_C,0.6
MACHINE_6,2024-05-04 10:57:00,Zone_C,0.48
MACHINE_6,2024-05-04 14:22:00,Zone_C,0.62
MACHINE_6,2024-05-04 11:21:00,Zone_C,0.71
MACHINE_7,2024-05-04 10:39:00,Zone_A,0.69
MACHINE_7,2024-05-04 16:53:00,Zone_A,0.53
MACHINE_7,2024-05-04 11:23:00,Zone_A,0.52
MACHINE_7,2024-05-04 23:13:00,Zone_A,0.45
MACHINE_8,2024-05-04 12:21:00,Zone_A,0.21
MACHINE_8,2024-05-04 23:38:00,Zone_A,0.49
MACHINE_8,2024-05-04 12:40:00,Zone_A,0.64
MACHINE_9,2024-05-04 15:01:00,Zone_A,0.28
MACHINE_9,2024-05-04 19:30:00,Zone_A,0.34
MACHINE_9,2024-05-04 19:17:00,Zone_A,0.59
MACHINE_10,2024-05-04 22:17:00,Zone_B,0.64
MACHINE_10,2024-05-04 12:49:00,Zone_B,0.75
MACHINE_10,2024-05-04 22:17:00,Zone_B,0.71
MACHINE_10,2024-05-04 17:24:00,Zone_B,0.8
MACHINE_10,2024-05-04 16:40:00,Zone_B,0.95
MACHINE_1,2024-05-05 18:48:00,Zone_A,0.36
MACHINE_1,2024-05-05 15:20:00,Zone_A,0.79
MACHINE_1,2024-05-05 15:48:00,Zone_A,0.35
MACHINE_1,2024-05-05 23:41:00,Zone_A,0.59
MACHINE_1,2024-05-05 23:12:00,Zone_A,0.34
MACHINE_2,2024-05-05 18:21:00,Zone_B,0.68
MACHINE_2,2024-05-05 17:07:00,Zone_B,0.33
MACHINE_2,2024-05-05 19:10:00,Zone_B,0.75
MACHINE_2,2024-05-05 18:00:00,Zone_B,0.5
MACHINE_3,2024-05-05 21:15:00,Zone_B,0.39
MACHINE_3,2024-05-05 19:28:00,Zone_B,0.95
MACHINE_3,2024-05-05 12:33:00,Zone_B,0.77
MACHINE_4,2024-05-05 13:37:00,Zone_D,0.5
MACHINE_4,2024-05-05 16:08:00,Zone_D,0.57
MACHINE_4,2024-05-05 13:20:00,Zone_D,0.77
MACHINE_4,2024-05-05 18:12:00,Zone_D,0.91
MACHINE_5,2024-05-05 14:19:00,Zone_B,0.96
MACHINE_5,2024-05-05 12:58:00,Zone_B,0.59
MACHINE_5,2024-05-05 22:07:00,Zone_B,0.7
MACHINE_5,2024-05-05 22:04:00,Zone_B,0.3
MACHINE_6,2024-05-05 10:52:00,Zone_A,0.75
MACHINE_6,2024-05-05 12:49:00,Zone_A,0.41
MACHINE_6,2024-05-05 11:17:00,Zone_A,0.97
MACHINE_6,2024-05-05 14:14:00,Zone_A,0.97
MACHINE_6,2024-05-05 10:17:00,Zone_A,0.74
MACHINE_7,2024-05-05 20:35:00,Zone_A,0.84
MACHINE_7,2024-05-05 12:52:00,Zone_A,0.48
MACHINE_7,2024-05-05 14:30:00,Zone_A,0.99
MACHINE_7,2024-05-05 15:00:00,Zone_A,0.28
MACHINE_8,2024-05-05 14:12:00,Zone_D,0.38
MACHINE_8,2024-05-05 15:50:00,Zone_D,0.97
MACHINE_8,2024-05-05 22:40:00,Zone_D,0.53
MACHINE_8,2024-05-05 10:45:00,Zone_D,0.84
MACHINE_9,2024-05-05 12:03:00,Zone_D,0.75
MACHINE_9,2024-05-05 22:06:00,Zone_D,0.98
MACHINE_9,2024-05-05 20:44:00,Zone_D,0.33
MACHINE_10,2024-05-05 14:29:00,Zone_D,0.75
MACHINE_10,2024-05-05 20:38:00,Zone_D,0.89
MACHINE_10,2024-05-05 20:01:00,Zone_D,0.78
MACHINE_10,2024-05-05 21:30:00,Zone_D,0.93
MACHINE_1,2024-05-06 19:17:00,Zone_C,0.64
MACHINE_1,2024-05-06 16:11:00,Zone_C,0.35
MACHINE_1,2024-05-06 11:25:00,Zone_C,0.21
MACHINE_1,2024-05-06 13:05:00,Zone_C,0.98
MACHINE_2,2024-05-06 20:59:00,Zone_B,0.65
MACHINE_2,2024-05-06 19:05:00,Zone_B,0.66
MACHINE_2,2024-05-06 22:42:00,Zone_B,0.77
MACHINE_2,2024-05-06 21:18:00,Zone_B,0.61
MACHINE_2,2024-05-06 21:51:00,Zone_B,0.54
MACHINE_3,2024-05-06 19:34:00,Zone_A,0.68
MACHINE_3,2024-05-06 23:52:00,Zone_A,0.69
MACHINE_3,2024-05-06 21:15:00,Zone_A,0.78
MACHINE_4,2024-05-06 21:14:00,Zone_D,0.71
MACHINE_4,2024-05-06 22:27:00,Zone_D,0.48
MACHINE_4,2024-05-06 15:29:00,Zone_D,0.51
MACHINE_4,2024-05-06 21:35:00,Zone_D,0.89
MACHINE_5,2024-05-06 15:34:00,Zone_D,0.72
MACHINE_5,2024-05-06 20:54:00,Zone_D,0.83
MACHINE_5,2024-05-06 21:58:00,Zone_D,0.89
MACHINE_5,2024-05-06 17:49:00,Zone_D,0.75
MACHINE_5,2024-05-06 17:32:00,Zone_D,0.59
MACHINE_6,2024-05-06 15:26:00,Zone_B,0.75
MACHINE_6,2024-05-06 16:46:00,Zone_B,0.45
MACHINE_6,2024-05-06 12:47:00,Zone_B,0.67
MACHINE_6,2024-05-06 22:27:00,Zone_B,0.54
MACHINE_6,2024-05-06 11:29:00,Zone_B,0.64
MACHINE_7,2024-05-06 19:48:00,Zone_B,0.42
MACHINE_7,2024-05-06 13:27:00,Zone_B,0.72
MACHINE_7,2024-05-06 16:11:00,Zone_B,0.86
MACHINE_7,2024-05-06 20:01:00,Zone_B,0.43
MACHINE_7,2024-05-06 10:58:00,Zone_B,0.28
MACHINE_8,2024-05-06 22:10:00,Zone_A,0.59
MACHINE_8,2024-05-06 21:48:00,Zone_A,0.59
MACHINE_8,2024-05-06 11:48:00,Zone_A,0.58
MACHINE_8,2024-05-06 17:12:00,Zone_A,0.47
MACHINE_9,2024-05-06 14:57:00,Zone_D,0.31
MACHINE_9,2024-05-06 23:56:00,Zone_D,0.32
MACHINE_9,2024-05-06 17:01:00,Zone_D,0.85
MACHINE_10,2024-05-06 21:24:00,Zone_B,0.71
MACHINE_10,2024-05-06 19:05:00,Zone_B,0.46
MACHINE_10,2024-05-06 22:57:00,Zone_B,0.92
MACHINE_10,2024-05-06 19:21:00,Zone_B,0.56
MACHINE_1,2024-05-07 16:39:00,Zone_D,0.36
MACHINE_1,2024-05-07 21:46:00,Zone_D,0.64
MACHINE_1,2024-05-07 19:08:00,Zone_D,0.88
MACHINE_1,2024-05-07 15:06:00,Zone_D,0.33
MACHINE_1,2024-05-07 14:45:00,Zone_D,0.5
MACHINE_2,2024-05-07 23:54:00,Zone_B,0.24
MACHINE_2,2024-05-07 16:03:00,Zone_B,0.3
MACHINE_2,2024-05-07 12:59:00,Zone_B,0.44
MACHINE_2,2024-05-07 15:16:00,Zone_B,0.9
MACHINE_2,2024-05-07 17:00:00,Zone_B,0.3
MACHINE_3,2024-05-07 17:11:00,Zone_D,0.35
MACHINE_3,2024-05-07 21:52:00,Zone_D,0.73
MACHINE_3,2024-05-07 15:49:00,Zone_D,0.2
MACHINE_4,2024-05-07 14:12:00,Zone_C,0.42
MACHINE_4,2024-05-07 21:06:00,Zone_C,0.27
MACHINE_4,2024-05-07 21:50:00,Zone_C,0.37
MACHINE_4,2024-05-07 13:59:00,Zone_C,0.57
MACHINE_4,2024-05-07 13:13:00,Zone_C,0.82
MACHINE_5,2024-05-07 17:26:00,Zone_A,0.59
MACHINE_5,2024-05-07 10:58:00,Zone_A,0.67
MACHINE_5,2024-05-07 10:11:00,Zone_A,0.81
MACHINE_5,2024-05-07 13:30:00,Zone_A,0.62
MACHINE_6,2024-05-07 12:29:00,Zone_C,0.57
MACHINE_6,2024-05-07 17:12:00,Zone_C,0.63
MACHINE_6,2024-05-07 11:44:00,Zone_C,0.48
MACHINE_7,2024-05-07 14:58:00,Zone_C,0.35
MACHINE_7,2024-05-07 17:08:00,Zone_C,0.81
MACHINE_7,2024-05-07 18:21:00,Zone_C,0.22
MACHINE_7,2024-05-07 20:09:00,Zone_C,0.51
MACHINE_7,2024-05-07 20:02:00,Zone_C,0.73
MACHINE_8,2024-05-07 10:49:00,Zone_D,0.42
MACHINE_8,2024-05-07 22:11:00,Zone_D,0.66
MACHINE_8,2024-05-07 19:56:00,Zone_D,0.9
MACHINE_9,2024-05-07 22:33:00,Zone_D,0.85
MACHINE_9,2024-05-07 15:16:00,Zone_D,0.26
MACHINE_9,2024-05-07 17:54:00,Zone_D,0.23
MACHINE_9,2024-05-07 22:06:00,Zone_D,0.79
MACHINE_10,2024-05-07 12:14:00,Zone_C,0.7
MACHINE_10,2024-05-07 23:47:00,Zone_C,0.52
MACHINE_10,2024-05-07 19:25:00,Zone_C,0.37
MACHINE_1,2024-05-08 11:16:00,Zone_B,0.86
MACHINE_1,2024-05-08 12:47:00,Zone_B,0.91
MACHINE_1,2024-05-08 20:33:00,Zone_B,0.44
MACHINE_2,2024-05-08 20:40:00,Zone_C,0.46
MACHINE_2,2024-05-08 18:18:00,Zone_C,0.65
MACHINE_2,2024-05-08 16:48:00,Zone_C,0.83
MACHINE_2,2024-05-08 18:11:00,Zone_C,0.88
MACHINE_3,2024-05-08 20:30:00,Zone_A,0.28
MACHINE_3,2024-05-08 17:13:00,Zone_A,0.68
MACHINE_3,2024-05-08 17:47:00,Zone_A,0.36
MACHINE_4,2024-05-08 11:33:00,Zone_D,0.98
MACHINE_4,2024-05-08 17:58:00,Zone_D,0.89
MACHINE_4,2024-05-08 13:46:00,Zone_D,0.46
MACHINE_4,2024-05-08 10:27:00,Zone_D,0.92
MACHINE_5,2024-05-08 14:25:00,Zone_C,0.53
MACHINE_5,2024-05-08 23:17:00,Zone_C,0.67
MACHINE_5,2024-05-08 20:13:00,Zone_C,0.72
MACHINE_6,2024-05-08 11:12:00,Zone_D,0.99
MACHINE_6,2024-05-08 22:05:00,Zone_D,0.95
MACHINE_6,2024-05-08 11:22:00,Zone_D,0.47
MACHINE_7,2024-05-08 14:13:00,Zone_D,0.24
MACHINE_7,2024-05-08 12:27:00,Zone_D,0.61
MACHINE_7,2024-05-08 10:01:00,Zone_D,0.6
MACHINE_8,2024-05-08 18:30:00,Zone_C,0.82
MACHINE_8,2024-05-08 22:41:00,Zone_C,0.26
MACHINE_8,2024-05-08 18:53:00,Zone_C,0.29
MACHINE_8,2024-05-08 18:36:00,Zone_C,0.5
MACHINE_8,2024-05-08 18:42:00,Zone_C,0.23
MACHINE_9,2024-05-08 11:15:00,Zone_B,0.29
MACHINE_9,2024-05-08 20:17:00,Zone_B,0.66
MACHINE_9,2024-05-08 20:59:00,Zone_B,0.52
MACHINE_9,2024-05-08 15:27:00,Zone_B,0.43
MACHINE_9,2024-05-08 13:22:00,Zone_B,0.67
MACHINE_10,2024-05-08 22:45:00,Zone_B,0.54
MACHINE_10,2024-05-08 14:38:00,Zone_B,0.25
MACHINE_10,2024-05-08 19:00:00,Zone_B,0.72
MACHINE_1,2024-05-09 12:52:00,Zone_A,0.76
MACHINE_1,2024-05-09 10:55:00,Zone_A,0.89
MACHINE_1,2024-05-09 19:01:00,Zone_A,0.26
MACHINE_1,2024-05-09 18:23:00,Zone_A,0.93
MACHINE_2,2024-05-09 18:47:00,Zone_A,0.49
MACHINE_2,2024-05-09 23:32:00,Zone_A,0.7
MACHINE_2,2024-05-09 17:09:00,Zone_A,0.91
MACHINE_3,2024-05-09 18:38:00,Zone_D,0.97
MACHINE_3,2024-05-09 14:03:00,Zone_D,0.84
MACHINE_3,2024-05-09 15:36:00,Zone_D,0.24
MACHINE_4,2024-05-09 19:30:00,Zone_C,0.95
MACHINE_4,2024-05-09 14:54:00,Zone_C,0.7
MACHINE_4,2024-05-09 10:00:00,Zone_C,0.34
MACHINE_5,2024-05-09 19:35:00,Zone_C,0.99
MACHINE_5,2024-05-09 17:48:00,Zone_C,0.39
MACHINE_5,2024-05-09 20:36:00,Zone_C,0.9
MACHINE_5,2024-05-09 14:26:00,Zone_C,0.32
MACHINE_5,2024-05-09 11:30:00,Zone_C,0.29
MACHINE_6,2024-05-09 16:30:00,Zone_D,0.45
MACHINE_6,2024-05-09 22:02:00,Zone_D,0.89
MACHINE_6,2024-05-09 15:01:00,Zone_D,0.55
MACHINE_7,2024-05-09 13:27:00,Zone_C,0.73
MACHINE_7,2024-05-09 14:10:00,Zone_C,0.73
MACHINE_7,2024-05-09 16:31:00,Zone_C,0.23
MACHINE_8,2024-05-09 23:32:00,Zone_C,0.27
MACHINE_8,2024-05-09 20:09:00,Zone_C,0.64
MACHINE_8,2024-05-09 20:33:00,Zone_C,0.53
MACHINE_9,2024-05-09 22:41:00,Zone_D,0.79
MACHINE_9,2024-05-09 10:24:00,Zone_D,0.39
MACHINE_9,2024-05-09 10:39:00,Zone_D,0.99
MACHINE_9,2024-05-09 17:36:00,Zone_D,0.99
MACHINE_9,2024-05-09 14:13:00,Zone_D,0.35
MACHINE_10,2024-05-09 14:51:00,Zone_D,0.75
MACHINE_10,2024-05-09 21:58:00,Zone_D,0.5
MACHINE_10,2024-05-09 14:19:00,Zone_D,0.26
MACHINE_1,2024-05-10 21:59:00,Zone_C,0.91
MACHINE_1,2024-05-10 18:44:00,Zone_C,0.81
MACHINE_1,2024-05-10 23:12:00,Zone_C,0.45
MACHINE_1,2024-05-10 23:55:00,Zone_C,0.34
MACHINE_1,2024-05-10 22:52:00,Zone_C,0.74
MACHINE_2,2024-05-10 23:22:00,Zone_B,0.52
MACHINE_2,2024-05-10 14:24:00,Zone_B,0.99
MACHINE_2,2024-05-10 13:07:00,Zone_B,0.31
MACHINE_2,2024-05-10 17:50:00,Zone_B,0.33
MACHINE_3,2024-05-10 12:13:00,Zone_D,0.72
MACHINE_3,2024-05-10 19:30:00,Zone_D,0.46
MACHINE_3,2024-05-10 12:23:00,Zone_D,0.8
MACHINE_4,2024-05-10 19:32:00,Zone_D,0.61
MACHINE_4,2024-05-10 20:17:00,Zone_D,0.9
MACHINE_4,2024-05-10 13:52:00,Zone_D,0.91
MACHINE_4,2024-05-10 11:40:00,Zone_D,0.21
MACHINE_5,2024-05-10 10:17:00,Zone_C,0.99
MACHINE_5,2024-05-10 23:12:00,Zone_C,0.55
MACHINE_5,2024-05-10 15:17:00,Zone_C,0.45
MACHINE_6,2024-05-10 18:16:00,Zone_D,0.29
MACHINE_6,2024-05-10 13:28:00,Zone_D,0.35
MACHINE_6,2024-05-10 11:44:00,Zone_D,0.52
MACHINE_6,2024-05-10 13:07:00,Zone_D,0.28
MACHINE_7,2024-05-10 20:50:00,Zone_D,0.5
MACHINE_7,2024-05-10 21:02:00,Zone_D,0.38
MACHINE_7,2024-05-10 18:06:00,Zone_D,0.63
MACHINE_7,2024-05-10 19:53:00,Zone_D,0.82
MACHINE_8,2024-05-10 19:57:00,Zone_A,0.81
MACHINE_8,2024-05-10 15:25:00,Zone_A,0.48
MACHINE_8,2024-05-10 21:02:00,Zone_A,0.91
MACHINE_8,2024-05-10 14:21:00,Zone_A,0.88
MACHINE_8,2024-05-10 20:05:00,Zone_A,0.37
MACHINE_9,2024-05-10 13:43:00,Zone_A,0.56
MACHINE_9,2024-05-10 21:03:00,Zone_A,0.47
MACHINE_9,2024-05-10 19:06:00,Zone_A,0.25
MACHINE_9,2024-05-10 17:23:00,Zone_A,0.96
MACHINE_9,2024-05-10 19:28:00,Zone_A,0.43
MACHINE_10,2024-05-10 14:09:00,Zone_A,0.46
MACHINE_10,2024-05-10 13:16:00,Zone_A,0.92
MACHINE_10,2024-05-10 17:10:00,Zone_A,0.79
MACHINE_1,2024-05-11 13:49:00,Zone_C,0.67
MACHINE_1,2024-05-11 15:00:00,Zone_C,0.92
MACHINE_1,2024-05-11 17:22:00,Zone_C,0.66
MACHINE_1,2024-05-11 23:42:00,Zone_C,0.2
MACHINE_1,2024-05-11 21:56:00,Zone_C,0.47
MACHINE_2,2024-05-11 16:35:00,Zone_C,0.32
MACHINE_2,2024-05-11 15:21:00,Zone_C,0.39
MACHINE_2,2024-05-11 22:49:00,Zone_C,0.23
MACHINE_2,2024-05-11 21:15:00,Zone_C,0.54
MACHINE_3,2024-05-11 16:07:00,Zone_D,0.29
MACHINE_3,2024-05-11 18:42:00,Zone_D,0.85
MACHINE_3,2024-05-11 17:42:00,Zone_D,0.85
MACHINE_3,2024-05-11 20:58:00,Zone_D,0.91
MACHINE_4,2024-05-11 12:25:00,Zone_D,0.76
MACHINE_4,2024-05-11 18:48:00,Zone_D,0.25
MACHINE_4,2024-05-11 18:56:00,Zone_D,0.89
MACHINE_5,2024-05-11 10:18:00,Zone_B,0.8
MACHINE_5,2024-05-11 11:51:00,Zone_B,0.75
MACHINE_5,2024-05-11 20:18:00,Zone_B,0.53
MACHINE_6,2024-05-11 18:08:00,Zone_A,0.57
MACHINE_6,2024-05-11 22:31:00,Zone_A,0.54
MACHINE_6,2024-05-11 11:11:00,Zone_A,0.48
MACHINE_6,2024-05-11 20:37:00,Zone_A,0.86
MACHINE_7,2024-05-11 15:54:00,Zone_C,0.41
MACHINE_7,2024-05-11 18:12:00,Zone_C,0.39
MACHINE_7,2024-05-11 23:21:00,Zone_C,0.47
MACHINE_7,2024-05-11 20:56:00,Zone_C,0.53
MACHINE_7,2024-05-11 18:50:00,Zone_C,0.34
MACHINE_8,2024-05-11 16:19:00,Zone_B,0.63
MACHINE_8,2024-05-11 17:02:00,Zone_B,0.8
MACHINE_8,2024-05-11 23:18:00,Zone_B,0.87
MACHINE_8,2024-05-11 12:06:00,Zone_B,0.39
MACHINE_8,2024-05-11 12:52:00,Zone_B,0.77
MACHINE_9,2024-05-11 14:57:00,Zone_D,0.39
MACHINE_9,2024-05-11 14:49:00,Zone_D,0.56
MACHINE_9,2024-05-11 23:36:00,Zone_D,0.89
MACHINE_9,2024-05-11 12:46:00,Zone_D,0.81
MACHINE_10,2024-05-11 14:37:00,Zone_C,0.86
MACHINE_10,2024-05-11 12:40:00,Zone_C,0.91
MACHINE_10,2024-05-11 21:29:00,Zone_C,0.51
MACHINE_10,2024-05-11 11:03:00,Zone_C,0.84
MACHINE_10,2024-05-11 22:47:00,Zone_C,1.0
MACHINE_1,2024-05-12 13:39:00,Zone_A,0.74
MACHINE_1,2024-05-12 11:02:00,Zone_A,0.47
MACHINE_1,2024-05-12 21:15:00,Zone_A,0.73
MACHINE_2,2024-05-12 15:16:00,Zone_D,0.35
MACHINE_2,2024-05-12 22:14:00,Zone_D,0.45
MACHINE_2,2024-05-12 17:54:00,Zone_D,0.74
MACHINE_2,2024-05-12 16:50:00,Zone_D,0.67
MACHINE_2,2024-05-12 20:34:00,Zone_D,0.99
MACHINE_3,2024-05-12 18:43:00,Zone_A,0.46
MACHINE_3,2024-05-12 22:29:00,Zone_A,0.24
MACHINE_3,2024-05-12 10:40:00,Zone_A,0.39
MACHINE_4,2024-05-12 20:47:00,Zone_B,0.22
MACHINE_4,2024-05-12 22:05:00,Zone_B,0.54
MACHINE_4,2024-05-12 23:24:00,Zone_B,0.33
MACHINE_5,2024-05-12 12:19:00,Zone_B,0.39
MACHINE_5,2024-05-12 18:56:00,Zone_B,0.51
MACHINE_5,2024-05-12 22:43:00,Zone_B,0.22
MACHINE_5,2024-05-12 20:48:00,Zone_B,0.52
MACHINE_6,2024-05-12 18:14:00,Zone_B,0.72
MACHINE_6,2024-05-12 18:11:00,Zone_B,0.91
MACHINE_6,2024-05-12 21:17:00,Zone_B,0.5
MACHINE_7,2024-05-12 17:57:00,Zone_B,0.21
MACHINE_7,2024-05-12 15:54:00,Zone_B,0.54
MACHINE_7,2024-05-12 14:32:00,Zone_B,0.34
MACHINE_8,2024-05-12 15:37:00,Zone_A,0.88
MACHINE_8,2024-05-12 13:31:00,Zone_A,0.77
MACHINE_8,2024-05-12 10:59:00,Zone_A,0.31
MACHINE_8,2024-05-12 10:59:00,Zone_A,0.52
MACHINE_8,2024-05-12 16:37:00,Zone_A,0.25
MACHINE_9,2024-05-12 22:46:00,Zone_A,0.48
MACHINE_9,2024-05-12 13:07:00,Zone_A,0.54
MACHINE_9,2024-05-12 13:18:00,Zone_A,0.81
MACHINE_10,2024-05-12 23:31:00,Zone_C,0.54
MACHINE_10,2024-05-12 14:42:00,Zone_C,0.84
MACHINE_10,2024-05-12 14:48:00,Zone_C,0.72
MACHINE_1,2024-05-13 10:42:00,Zone_A,0.43
MACHINE_1,2024-05-13 22:41:00,Zone_A,0.49
MACHINE_1,2024-05-13 23:03:00,Zone_A,0.35
MACHINE_1,2024-05-13 14:33:00,Zone_A,0.59
MACHINE_2,2024-05-13 22:23:00,Zone_C,0.43
MACHINE_2,2024-05-13 14:13:00,Zone_C,0.51
MACHINE_2,2024-05-13 16:57:00,Zone_C,0.36
MACHINE_3,2024-05-13 10:34:00,Zone_C,0.79
MACHINE_3,2024-05-13 10:22:00,Zone_C,0.73
MACHINE_3,2024-05-13 23:53:00,Zone_C,0.49
MACHINE_4,2024-05-13 22:47:00,Zone_A,0.51
MACHINE_4,2024-05-13 13:51:00,Zone_A,0.72
MACHINE_4,2024-05-13 13:25:00,Zone_A,0.62
MACHINE_4,2024-05-13 23:00:00,Zone_A,0.67
MACHINE_5,2024-05-13 17:49:00,Zone_D,0.25
MACHINE_5,2024-05-13 19:00:00,Zone_D,0.48
MACHINE_5,2024-05-13 21:51:00,Zone_D,0.41
MACHINE_5,2024-05-13 20:01:00,Zone_D,0.98
MACHINE_6,2024-05-13 19:20:00,Zone_B,0.75
MACHINE_6,2024-05-13 13:43:00,Zone_B,0.59
MACHINE_6,2024-05-13 20:22:00,Zone_B,0.56
MACHINE_6,2024-05-13 15:08:00,Zone_B,0.73
MACHINE_6,2024-05-13 22:14:00,Zone_B,0.82
MACHINE_7,2024-05-13 19:09:00,Zone_B,0.24
MACHINE_7,2024-05-13 23:50:00,Zone_B,0.66
MACHINE_7,2024-05-13 12:53:00,Zone_B,0.86
MACHINE_7,2024-05-13 19:57:00,Zone_B,0.27
MACHINE_8,2024-05-13 22:00:00,Zone_C,0.56
MACHINE_8,2024-05-13 18:32:00,Zone_C,0.38
MACHINE_8,2024-05-13 19:42:00,Zone_C,0.41
MACHINE_9,2024-05-13 11:04:00,Zone_A,0.84
MACHINE_9,2024-05-13 23:31:00,Zone_A,0.66
MACHINE_9,2024-05-13 20:36:00,Zone_A,0.21
MACHINE_9,2024-05-13 22:00:00,Zone_A,0.57
MACHINE_9,2024-05-13 12:41:00,Zone_A,0.55
MACHINE_10,2024-05-13 22:59:00,Zone_D,0.37
MACHINE_10,2024-05-13 14:58:00,Zone_D,0.94
MACHINE_10,2024-05-13 10:13:00,Zone_D,0.8
MACHINE_10,2024-05-13 10:47:00,Zone_D,0.65
MACHINE_1,2024-05-14 15:20:00,Zone_C,0.24
MACHINE_1,2024-05-14 12:51:00,Zone_C,0.96
MACHINE_1,2024-05-14 22:32:00,Zone_C,0.81
MACHINE_2,2024-05-14 11:39:00,Zone_D,0.33
MACHINE_2,2024-05-14 22:43:00,Zone_D,0.43
MACHINE_2,2024-05-14 19:18:00,Zone_D,0.38
MACHINE_3,2024-05-14 17:36:00,Zone_A,0.65
MACHINE_3,2024-05-14 12:59:00,Zone_A,0.96
MACHINE_3,2024-05-14 13:44:00,Zone_A,0.24
MACHINE_3,2024-05-14 18:14:00,Zone_A,0.89
MACHINE_4,2024-05-14 14:53:00,Zone_C,0.74
MACHINE_4,2024-05-14 15:07:00,Zone_C,0.44
MACHINE_4,2024-05-14 14:29:00,Zone_C,0.64
MACHINE_5,2024-05-14 22:28:00,Zone_D,0.5
MACHINE_5,2024-05-14 20:30:00,Zone_D,0.94
MACHINE_5,2024-05-14 18:14:00,Zone_D,0.55
MACHINE_5,2024-05-14 10:06:00,Zone_D,0.91
MACHINE_6,2024-05-14 12:17:00,Zone_A,0.57
MACHINE_6,2024-05-14 17:28:00,Zone_A,0.94
MACHINE_6,2024-05-14 17:05:00,Zone_A,0.35
MACHINE_7,2024-05-14 15:21:00,Zone_B,0.81
MACHINE_7,2024-05-14 13:15:00,Zone_B,0.57
MACHINE_7,2024-05-14 13:26:00,Zone_B,0.58
MACHINE_7,2024-05-14 12:02:00,Zone_B,0.65
MACHINE_7,2024-05-14 20:27:00,Zone_B,1.0
MACHINE_8,2024-05-14 11:14:00,Zone_C,0.65
MACHINE_8,2024-05-14 15:18:00,Zone_C,0.58
MACHINE_8,2024-05-14 17:33:00,Zone_C,0.46
MACHINE_8,2024-05-14 11:03:00,Zone_C,0.76
MACHINE_8,2024-05-14 15:55:00,Zone_C,0.55
MACHINE_9,2024-05-14 20:56:00,Zone_C,0.61
MACHINE_9,2024-05-14 10:57:00,Zone_C,0.99
MACHINE_9,2024-05-14 14:04:00,Zone_C,0.39
MACHINE_9,2024-05-14 10:20:00,Zone_C,0.74
MACHINE_9,2024-05-14 21:09:00,Zone_C,0.66
MACHINE_10,2024-05-14 15:58:00,Zone_B,0.3
MACHINE_10,2024-05-14 14:52:00,Zone_B,0.58
MACHINE_10,2024-05-14 19:09:00,Zone_B,0.24
MACHINE_10,2024-05-14 19:31:00,Zone_B,0.96
MACHINE_10,2024-05-14 17:58:00,Zone_B,0.63
MACHINE_1,2024-05-15 18:49:00,Zone_B,0.69
MACHINE_1,2024-05-15 22:18:00,Zone_B,0.24
MACHINE_1,2024-05-15 19:11:00,Zone_B,0.69
MACHINE_1,2024-05-15 15:10:00,Zone_B,0.96
MACHINE_2,2024-05-15 22:01:00,Zone_A,0.72
MACHINE_2,2024-05-15 14:50:00,Zone_A,0.52
MACHINE_2,2024-05-15 17:36:00,Zone_A,0.68
MACHINE_3,2024-05-15 16:17:00,Zone_D,0.9
MACHINE_3,2024-05-15 17:28:00,Zone_D,0.37
MACHINE_3,2024-05-15 22:36:00,Zone_D,0.63
MACHINE_4,2024-05-15 15:59:00,Zone_A,0.25
MACHINE_4,2024-05-15 14:04:00,Zone_A,0.36
MACHINE_4,2024-05-15 21:14:00,Zone_A,0.91
MACHINE_4,2024-05-15 15:44:00,Zone_A,0.88
MACHINE_4,2024-05-15 15:24:00,Zone_A,0.96
MACHINE_5,2024-05-15 17:43:00,Zone_B,0.51
MACHINE_5,2024-05-15 18:17:00,Zone_B,0.2
MACHINE_5,2024-05-15 10:59:00,Zone_B,0.54
MACHINE_6,2024-05-15 16:31:00,Zone_B,0.91
MACHINE_6,2024-05-15 23:41:00,Zone_B,0.36
MACHINE_6,2024-05-15 11:15:00,Zone_B,0.3
MACHINE_6,2024-05-15 17:05:00,Zone_B,0.35
MACHINE_7,2024-05-15 18:21:00,Zone_B,0.62
MACHINE_7,2024-05-15 19:54:00,Zone_B,0.24
MACHINE_7,2024-05-15 23:13:00,Zone_B,0.46
MACHINE_7,2024-05-15 16:39:00,Zone_B,0.24
MACHINE_7,2024-05-15 14:10:00,Zone_B,0.47
MACHINE_8,2024-05-15 12:44:00,Zone_A,0.99
MACHINE_8,2024-05-15 12:20:00,Zone_A,0.97
MACHINE_8,2024-05-15 23:19:00,Zone_A,0.37
MACHINE_8,2024-05-15 16:05:00,Zone_A,0.96
MACHINE_8,2024-05-15 21:13:00,Zone_A,0.52
MACHINE_9,2024-05-15 22:06:00,Zone_B,0.65
MACHINE_9,2024-05-15 12:56:00,Zone_B,0.41
MACHINE_9,2024-05-15 10:53:00,Zone_B,0.31
MACHINE_10,2024-05-15 21:10:00,Zone_C,0.2
MACHINE_10,2024-05-15 18:18:00,Zone_C,0.42
MACHINE_10,2024-05-15 18:29:00,Zone_C,0.82
MACHINE_10,2024-05-15 21:17:00,Zone_C,0.88
MACHINE_1,2024-05-16 22:05:00,Zone_C,0.87
MACHINE_1,2024-05-16 22:03:00,Zone_C,0.67
MACHINE_1,2024-05-16 15:22:00,Zone_C,0.94
MACHINE_2,2024-05-16 23:27:00,Zone_D,0.78
MACHINE_2,2024-05-16 16:29:00,Zone_D,0.24
MACHINE_2,2024-05-16 14:42:00,Zone_D,0.76
MACHINE_3,2024-05-16 17:26:00,Zone_A,0.94
MACHINE_3,2024-05-16 17:07:00,Zone_A,0.52
MACHINE_3,2024-05-16 18:36:00,Zone_A,0.97
MACHINE_3,2024-05-16 21:26:00,Zone_A,0.52
MACHINE_3,2024-05-16 21:32:00,Zone_A,0.79
MACHINE_4,2024-05-16 17:27:00,Zone_D,0.22
MACHINE_4,2024-05-16 17:35:00,Zone_D,0.91
MACHINE_4,2024-05-16 15:59:00,Zone_D,0.38
MACHINE_4,2024-05-16 16:40:00,Zone_D,0.84
MACHINE_4,2024-05-16 19:39:00,Zone_D,0.7
MACHINE_5,2024-05-16 18:10:00,Zone_A,0.58
MACHINE_5,2024-05-16 21:48:00,Zone_A,0.25
MACHINE_5,2024-05-16 10:57:00,Zone_A,0.9
MACHINE_5,2024-05-16 18:11:00,Zone_A,0.9
MACHINE_6,2024-05-16 14:40:00,Zone_C,0.63
MACHINE_6,2024-05-16 12:23:00,Zone_C,0.24
MACHINE_6,2024-05-16 20:55:00,Zone_C,0.33
MACHINE_6,2024-05-16 23:17:00,Zone_C,0.23
MACHINE_6,2024-05-16 17:14:00,Zone_C,0.74
MACHINE_7,2024-05-16 15:11:00,Zone_C,0.39
MACHINE_7,2024-05-16 22:44:00,Zone_C,0.38
MACHINE_7,2024-05-16 17:57:00,Zone_C,1.0
MACHINE_7,2024-05-16 11:09:00,Zone_C,0.31
MACHINE_8,2024-05-16 15:03:00,Zone_B,0.78
MACHINE_8,2024-05-16 11:43:00,Zone_B,0.25
MACHINE_8,2024-05-16 19:21:00,Zone_B,0.81
MACHINE_8,2024-05-16 21:36:00,Zone_B,0.51
MACHINE_9,2024-05-16 21:18:00,Zone_C,0.47
MACHINE_9,2024-05-16 13:08:00,Zone_C,0.83
MACHINE_9,2024-05-16 23:05:00,Zone_C,0.97
MACHINE_10,2024-05-16 16:09:00,Zone_B,0.85
MACHINE_10,2024-05-16 16:16:00,Zone_B,0.67
MACHINE_10,2024-05-16 18:19:00,Zone_B,0.48
MACHINE_10,2024-05-16 16:31:00,Zone_B,0.91
MACHINE_1,2024-05-17 22:59:00,Zone_A,0.26
MACHINE_1,2024-05-17 17:34:00,Zone_A,0.79
MACHINE_1,2024-05-17 14:25:00,Zone_A,0.57
MACHINE_1,2024-05-17 20:47:00,Zone_A,0.61
MACHINE_2,2024-05-17 18:09:00,Zone_A,0.88
MACHINE_2,2024-05-17 11:32:00,Zone_A,0.59
MACHINE_2,2024-05-17 19:23:00,Zone_A,0.73
MACHINE_3,2024-05-17 16:52:00,Zone_D,0.56
MACHINE_3,2024-05-17 23:11:00,Zone_D,0.74
MACHINE_3,2024-05-17 21:04:00,Zone_D,0.6
MACHINE_4,2024-05-17 15:02:00,Zone_B,0.92
MACHINE_4,2024-05-17 22:50:00,Zone_B,0.84
MACHINE_4,2024-05-17 19:50:00,Zone_B,0.63
MACHINE_4,2024-05-17 16:08:00,Zone_B,0.28
MACHINE_5,2024-05-17 13:41:00,Zone_D,0.91
MACHINE_5,2024-05-17 21:36:00,Zone_D,0.49
MACHINE_5,2024-05-17 16:18:00,Zone_D,0.99
MACHINE_6,2024-05-17 17:22:00,Zone_A,0.82
MACHINE_6,2024-05-17 17:23:00,Zone_A,0.79
MACHINE_6,2024-05-17 18:16:00,Zone_A,0.95
MACHINE_7,2024-05-17 22:33:00,Zone_A,0.34
MACHINE_7,2024-05-17 14:53:00,Zone_A,0.61
MACHINE_7,2024-05-17 21:35:00,Zone_A,0.59
MACHINE_8,2024-05-17 23:16:00,Zone_A,0.86
MACHINE_8,2024-05-17 14:43:00,Zone_A,0.54
MACHINE_8,2024-05-17 12:09:00,Zone_A,0.84
MACHINE_8,2024-05-17 20:35:00,Zone_A,0.44
MACHINE_8,2024-05-17 13:17:00,Zone_A,0.71
MACHINE_9,2024-05-17 20:49:00,Zone_B,0.32
MACHINE_9,2024-05-17 19:19:00,Zone_B,0.4
MACHINE_9,2024-05-17 21:49:00,Zone_B,0.83
MACHINE_9,2024-05-17 23:45:00,Zone_B,0.64
MACHINE_9,2024-05-17 23:17:00,Zone_B,0.36
MACHINE_10,2024-05-17 18:00:00,Zone_A,0.73
MACHINE_10,2024-05-17 22:14:00,Zone_A,0.41
MACHINE_10,2024-05-17 20:17:00,Zone_A,0.38
MACHINE_10,2024-05-17 18:47:00,Zone_A,0.73
MACHINE_1,2024-05-18 23:04:00,Zone_D,1.0
MACHINE_1,2024-05-18 14:33:00,Zone_D,0.59
MACHINE_1,2024-05-18 23:17:00,Zone_D,0.26
MACHINE_1,2024-05-18 21:55:00,Zone_D,0.83
MACHINE_2,2024-05-18 18:22:00,Zone_C,0.76
MACHINE_2,2024-05-18 10:00:00,Zone_C,0.81
MACHINE_2,2024-05-18 17:24:00,Zone_C,0.47
MACHINE_2,2024-05-18 19:20:00,Zone_C,0.49
MACHINE_3,2024-05-18 17:16:00,Zone_B,0.68
MACHINE_3,2024-05-18 15:11:00,Zone_B,0.46
MACHINE_3,2024-05-18 14:12:00,Zone_B,0.76
MACHINE_3,2024-05-18 15:22:00,Zone_B,0.91
MACHINE_3,2024-05-18 21:03:00,Zone_B,0.8
MACHINE_4,2024-05-18 18:19:00,Zone_A,0.4
MACHINE_4,2024-05-18 16:11:00,Zone_A,0.79
MACHINE_4,2024-05-18 18:46:00,Zone_A,0.88
MACHINE_5,2024-05-18 21:38:00,Zone_D,0.28
MACHINE_5,2024-05-18 12:33:00,Zone_D,0.49
MACHINE_5,2024-05-18 17:11:00,Zone_D,0.2
MACHINE_5,2024-05-18 19:02:00,Zone_D,0.54
MACHINE_5,2024-05-18 23:34:00,Zone_D,0.49
MACHINE_6,2024-05-18 10:25:00,Zone_B,0.39
MACHINE_6,2024-05-18 21:13:00,Zone_B,0.96
MACHINE_6,2024-05-18 14:54:00,Zone_B,0.99
MACHINE_6,2024-05-18 20:50:00,Zone_B,0.86
MACHINE_7,2024-05-18 22:42:00,Zone_C,0.96
MACHINE_7,2024-05-18 11:13:00,Zone_C,0.26
MACHINE_7,2024-05-18 23:49:00,Zone_C,0.71
MACHINE_7,2024-05-18 18:45:00,Zone_C,0.87
MACHINE_7,2024-05-18 13:37:00,Zone_C,0.22
MACHINE_8,2024-05-18 13:01:00,Zone_D,0.54
MACHINE_8,2024-05-18 20:06:00,Zone_D,0.4
MACHINE_8,2024-05-18 17:00:00,Zone_D,0.33
MACHINE_8,2024-05-18 22:10:00,Zone_D,0.76
MACHINE_8,2024-05-18 11:55:00,Zone_D,0.41
MACHINE_9,2024-05-18 13:37:00,Zone_D,0.36
MACHINE_9,2024-05-18 13:35:00,Zone_D,0.81
MACHINE_9,2024-05-18 13:26:00,Zone_D,0.51
MACHINE_9,2024-05-18 14:36:00,Zone_D,0.43
MACHINE_10,2024-05-18 15:08:00,Zone_B,0.23
MACHINE_10,2024-05-18 11:31:00,Zone_B,0.71
MACHINE_10,2024-05-18 22:09:00,Zone_B,0.22
MACHINE_1,2024-05-19 17:53:00,Zone_D,0.47
MACHINE_1,2024-05-19 20:37:00,Zone_D,0.21
MACHINE_1,2024-05-19 20:20:00,Zone_D,0.48
MACHINE_1,2024-05-19 11:06:00,Zone_D,0.62
MACHINE_1,2024-05-19 17:42:00,Zone_D,1.0
MACHINE_2,2024-05-19 19:47:00,Zone_C,0.98
MACHINE_2,2024-05-19 19:55:00,Zone_C,0.33
MACHINE_2,2024-05-19 11:25:00,Zone_C,0.62
MACHINE_2,2024-05-19 12:05:00,Zone_C,0.69
MACHINE_3,2024-05-19 10:55:00,Zone_A,0.38
MACHINE_3,2024-05-19 13:20:00,Zone_A,0.62
MACHINE_3,2024-05-19 13:33:00,Zone_A,0.8
MACHINE_3,2024-05-19 23:52:00,Zone_A,0.26
MACHINE_4,2024-05-19 22:56:00,Zone_C,0.79
MACHINE_4,2024-05-19 10:40:00,Zone_C,0.76
MACHINE_4,2024-05-19 14:07:00,Zone_C,0.36
MACHINE_5,2024-05-19 16:38:00,Zone_C,0.47
MACHINE_5,2024-05-19 13:21:00,Zone_C,0.71
MACHINE_5,2024-05-19 15:03:00,Zone_C,0.91
MACHINE_5,2024-05-19 13:49:00,Zone_C,0.24
MACHINE_6,2024-05-19 21:12:00,Zone_B,0.54
MACHINE_6,2024-05-19 19:16:00,Zone_B,0.54
MACHINE_6,2024-05-19 13:09:00,Zone_B,0.9
MACHINE_7,2024-05-19 16:01:00,Zone_B,0.73
MACHINE_7,2024-05-19 21:47:00,Zone_B,0.65
MACHINE_7,2024-05-19 23:43:00,Zone_B,0.47
MACHINE_8,2024-05-19 19:10:00,Zone_A,0.25
MACHINE_8,2024-05-19 13:55:00,Zone_A,0.2
MACHINE_8,2024-05-19 12:04:00,Zone_A,0.25
MACHINE_9,2024-05-19 23:49:00,Zone_B,0.67
MACHINE_9,2024-05-19 10:02:00,Zone_B,0.24
MACHINE_9,2024-05-19 23:15:00,Zone_B,0.36
MACHINE_10,2024-05-19 16:19:00,Zone_A,0.88
MACHINE_10,2024-05-19 13:16:00,Zone_A,0.23
MACHINE_10,2024-05-19 21:09:00,Zone_A,0.8
MACHINE_10,2024-05-19 16:03:00,Zone_A,0.98
MACHINE_10,2024-05-19 15:28:00,Zone_A,0.78
